<?xml version="1.0" encoding="UTF-8"?>
<GenRun Id="fudan_synth_1" LaunchPart="xc7a100tcsg324-1" LaunchTime="1702311996">
  <File Type="PA-TCL" Name="fudan.tcl"/>
  <File Type="REPORTS-TCL" Name="fudan_reports.tcl"/>
  <File Type="RDS-RDS" Name="fudan.vds"/>
  <File Type="RDS-UTIL" Name="fudan_utilization_synth.rpt"/>
  <File Type="RDS-UTIL-PB" Name="fudan_utilization_synth.pb"/>
  <File Type="RDS-DCP" Name="fudan.dcp"/>
  <FileSet Name="sources" Type="BlockSrcs" RelSrcDir="$PSRCDIR/fudan">
    <File Path="$PSRCDIR/sources_1/ip/fudan/fudan.xci">
      <FileInfo>
        <Attr Name="UsedIn" Val="synthesis"/>
        <Attr Name="UsedIn" Val="implementation"/>
        <Attr Name="UsedIn" Val="simulation"/>
      </FileInfo>
    </File>
    <Config>
      <Option Name="TopModule" Val="fudan"/>
      <Option Name="UseBlackboxStub" Val="1"/>
    </Config>
  </FileSet>
  <FileSet Name="constrs_in" Type="BlockSrcs" RelSrcDir="$PSRCDIR/fudan">
    <File Path="$PSRCDIR/sources_1/ip/fudan/fudan.xci">
      <FileInfo>
        <Attr Name="UsedIn" Val="synthesis"/>
        <Attr Name="UsedIn" Val="implementation"/>
        <Attr Name="UsedIn" Val="simulation"/>
      </FileInfo>
    </File>
    <Config>
      <Option Name="TopModule" Val="fudan"/>
      <Option Name="UseBlackboxStub" Val="1"/>
    </Config>
  </FileSet>
  <FileSet Name="utils" Type="Utils" RelSrcDir="$PSRCDIR/utils_1">
    <Filter Type="Utils"/>
    <Config>
      <Option Name="TopAutoSet" Val="TRUE"/>
    </Config>
  </FileSet>
  <Strategy Version="1" Minor="2">
    <StratHandle Name="Vivado Synthesis Defaults" Flow="Vivado Synthesis 2020"/>
    <Step Id="synth_design"/>
  </Strategy>
</GenRun>
