<?xml version="1.0" encoding="UTF-8"?>
<GenRun Id="impl_1" LaunchPart="xc7a100tcsg324-1" LaunchTime="1695131920">
  <File Type="BITSTR-BMM" Name="ALU4_t2_bd.bmm"/>
  <File Type="OPT-METHODOLOGY-DRC" Name="ALU4_t2_methodology_drc_opted.rpt"/>
  <File Type="INIT-TIMING" Name="ALU4_t2_timing_summary_init.rpt"/>
  <File Type="ROUTE-PWR" Name="ALU4_t2_power_routed.rpt"/>
  <File Type="PA-TCL" Name="ALU4_t2.tcl"/>
  <File Type="OPT-TIMING" Name="ALU4_t2_timing_summary_opted.rpt"/>
  <File Type="OPT-DCP" Name="ALU4_t2_opt.dcp"/>
  <File Type="ROUTE-PWR-SUM" Name="ALU4_t2_power_summary_routed.pb"/>
  <File Type="REPORTS-TCL" Name="ALU4_t2_reports.tcl"/>
  <File Type="OPT-DRC" Name="ALU4_t2_drc_opted.rpt"/>
  <File Type="OPT-HWDEF" Name="ALU4_t2.hwdef"/>
  <File Type="PWROPT-DCP" Name="ALU4_t2_pwropt.dcp"/>
  <File Type="PWROPT-DRC" Name="ALU4_t2_drc_pwropted.rpt"/>
  <File Type="PWROPT-TIMING" Name="ALU4_t2_timing_summary_pwropted.rpt"/>
  <File Type="PLACE-DCP" Name="ALU4_t2_placed.dcp"/>
  <File Type="PLACE-IO" Name="ALU4_t2_io_placed.rpt"/>
  <File Type="PLACE-CLK" Name="ALU4_t2_clock_utilization_placed.rpt"/>
  <File Type="PLACE-UTIL" Name="ALU4_t2_utilization_placed.rpt"/>
  <File Type="PLACE-UTIL-PB" Name="ALU4_t2_utilization_placed.pb"/>
  <File Type="PLACE-CTRL" Name="ALU4_t2_control_sets_placed.rpt"/>
  <File Type="PLACE-SIMILARITY" Name="ALU4_t2_incremental_reuse_placed.rpt"/>
  <File Type="PLACE-PRE-SIMILARITY" Name="ALU4_t2_incremental_reuse_pre_placed.rpt"/>
  <File Type="PLACE-TIMING" Name="ALU4_t2_timing_summary_placed.rpt"/>
  <File Type="POSTPLACE-PWROPT-DCP" Name="ALU4_t2_postplace_pwropt.dcp"/>
  <File Type="BG-BIN" Name="ALU4_t2.bin"/>
  <File Type="POSTPLACE-PWROPT-TIMING" Name="ALU4_t2_timing_summary_postplace_pwropted.rpt"/>
  <File Type="PHYSOPT-DCP" Name="ALU4_t2_physopt.dcp"/>
  <File Type="PHYSOPT-DRC" Name="ALU4_t2_drc_physopted.rpt"/>
  <File Type="BITSTR-MSK" Name="ALU4_t2.msk"/>
  <File Type="PHYSOPT-TIMING" Name="ALU4_t2_timing_summary_physopted.rpt"/>
  <File Type="ROUTE-ERROR-DCP" Name="ALU4_t2_routed_error.dcp"/>
  <File Type="ROUTE-DCP" Name="ALU4_t2_routed.dcp"/>
  <File Type="ROUTE-BLACKBOX-DCP" Name="ALU4_t2_routed_bb.dcp"/>
  <File Type="ROUTE-DRC" Name="ALU4_t2_drc_routed.rpt"/>
  <File Type="ROUTE-DRC-PB" Name="ALU4_t2_drc_routed.pb"/>
  <File Type="ROUTE-DRC-RPX" Name="ALU4_t2_drc_routed.rpx"/>
  <File Type="BITSTR-MMI" Name="ALU4_t2.mmi"/>
  <File Type="ROUTE-METHODOLOGY-DRC" Name="ALU4_t2_methodology_drc_routed.rpt"/>
  <File Type="ROUTE-METHODOLOGY-DRC-RPX" Name="ALU4_t2_methodology_drc_routed.rpx"/>
  <File Type="ROUTE-METHODOLOGY-DRC-PB" Name="ALU4_t2_methodology_drc_routed.pb"/>
  <File Type="ROUTE-PWR-RPX" Name="ALU4_t2_power_routed.rpx"/>
  <File Type="ROUTE-STATUS" Name="ALU4_t2_route_status.rpt"/>
  <File Type="ROUTE-STATUS-PB" Name="ALU4_t2_route_status.pb"/>
  <File Type="ROUTE-TIMINGSUMMARY" Name="ALU4_t2_timing_summary_routed.rpt"/>
  <File Type="ROUTE-TIMING-PB" Name="ALU4_t2_timing_summary_routed.pb"/>
  <File Type="ROUTE-TIMING-RPX" Name="ALU4_t2_timing_summary_routed.rpx"/>
  <File Type="ROUTE-SIMILARITY" Name="ALU4_t2_incremental_reuse_routed.rpt"/>
  <File Type="ROUTE-CLK" Name="ALU4_t2_clock_utilization_routed.rpt"/>
  <File Type="ROUTE-BUS-SKEW" Name="ALU4_t2_bus_skew_routed.rpt"/>
  <File Type="ROUTE-BUS-SKEW-PB" Name="ALU4_t2_bus_skew_routed.pb"/>
  <File Type="ROUTE-BUS-SKEW-RPX" Name="ALU4_t2_bus_skew_routed.rpx"/>
  <File Type="POSTROUTE-PHYSOPT-DCP" Name="ALU4_t2_postroute_physopt.dcp"/>
  <File Type="POSTROUTE-PHYSOPT-BLACKBOX-DCP" Name="ALU4_t2_postroute_physopt_bb.dcp"/>
  <File Type="POSTROUTE-PHYSOPT-TIMING" Name="ALU4_t2_timing_summary_postroute_physopted.rpt"/>
  <File Type="POSTROUTE-PHYSOPT-TIMING-PB" Name="ALU4_t2_timing_summary_postroute_physopted.pb"/>
  <File Type="POSTROUTE-PHYSOPT-TIMING-RPX" Name="ALU4_t2_timing_summary_postroute_physopted.rpx"/>
  <File Type="POSTROUTE-PHYSOPT-BUS-SKEW" Name="ALU4_t2_bus_skew_postroute_physopted.rpt"/>
  <File Type="POSTROUTE-PHYSOPT-BUS-SKEW-PB" Name="ALU4_t2_bus_skew_postroute_physopted.pb"/>
  <File Type="BG-BIT" Name="ALU4_t2.bit"/>
  <File Type="POSTROUTE-PHYSOPT-BUS-SKEW-RPX" Name="ALU4_t2_bus_skew_postroute_physopted.rpx"/>
  <File Type="BITSTR-RBT" Name="ALU4_t2.rbt"/>
  <File Type="BITSTR-NKY" Name="ALU4_t2.nky"/>
  <File Type="PDI-FILE" Name="ALU4_t2.pdi"/>
  <File Type="RCFI_FILE" Name="ALU4_t2.rcfi"/>
  <File Type="CFI_FILE" Name="ALU4_t2.cfi"/>
  <File Type="RNPI_FILE" Name="ALU4_t2.rnpi"/>
  <File Type="NPI_FILE" Name="ALU4_t2.npi"/>
  <File Type="RBD_FILE" Name="ALU4_t2.rbd"/>
  <File Type="BITSTR-LTX" Name="debug_nets.ltx"/>
  <File Type="BITSTR-LTX" Name="ALU4_t2.ltx"/>
  <File Type="BITSTR-SYSDEF" Name="ALU4_t2.sysdef"/>
  <File Type="BG-BGN" Name="ALU4_t2.bgn"/>
  <File Type="BG-DRC" Name="ALU4_t2.drc"/>
  <File Type="RDI-RDI" Name="ALU4_t2.vdi"/>
  <File Type="WBT-USG" Name="usage_statistics_webtalk.html"/>
  <FileSet Name="sources" Type="DesignSrcs" RelSrcDir="$PSRCDIR/sources_1" RelGenDir="$PGENDIR/sources_1">
    <Filter Type="Srcs"/>
    <File Path="$PSRCDIR/sources_1/new/ALU4_t1.sv">
      <FileInfo>
        <Attr Name="UsedIn" Val="synthesis"/>
        <Attr Name="UsedIn" Val="implementation"/>
        <Attr Name="UsedIn" Val="simulation"/>
      </FileInfo>
    </File>
    <File Path="$PSRCDIR/sources_1/new/Hex7Seg.sv">
      <FileInfo>
        <Attr Name="UsedIn" Val="synthesis"/>
        <Attr Name="UsedIn" Val="implementation"/>
        <Attr Name="UsedIn" Val="simulation"/>
      </FileInfo>
    </File>
    <File Path="$PSRCDIR/sources_1/new/X7seg.sv">
      <FileInfo>
        <Attr Name="UsedIn" Val="synthesis"/>
        <Attr Name="UsedIn" Val="implementation"/>
        <Attr Name="UsedIn" Val="simulation"/>
      </FileInfo>
    </File>
    <File Path="$PSRCDIR/sources_1/new/ALU4_t2.sv">
      <FileInfo>
        <Attr Name="UsedIn" Val="synthesis"/>
        <Attr Name="UsedIn" Val="implementation"/>
        <Attr Name="UsedIn" Val="simulation"/>
      </FileInfo>
    </File>
    <File Path="$PSRCDIR/sources_1/new/ALU4.sv">
      <FileInfo>
        <Attr Name="AutoDisabled" Val="1"/>
        <Attr Name="UsedIn" Val="synthesis"/>
        <Attr Name="UsedIn" Val="implementation"/>
        <Attr Name="UsedIn" Val="simulation"/>
      </FileInfo>
    </File>
    <Config>
      <Option Name="DesignMode" Val="RTL"/>
      <Option Name="TopModule" Val="ALU4_t2"/>
      <Option Name="TopAutoSet" Val="TRUE"/>
    </Config>
  </FileSet>
  <FileSet Name="constrs_in" Type="Constrs" RelSrcDir="$PSRCDIR/constrs_1">
    <Filter Type="Constrs"/>
    <File Path="$PSRCDIR/constrs_1/imports/Nexys4DDR_Master.xdc">
      <FileInfo>
        <Attr Name="ImportPath" Val="$PPRDIR/../../../../Nexys4DDR_Master.xdc"/>
        <Attr Name="ImportTime" Val="1693794061"/>
        <Attr Name="UsedIn" Val="synthesis"/>
        <Attr Name="UsedIn" Val="implementation"/>
      </FileInfo>
    </File>
    <Config>
      <Option Name="ConstrsType" Val="XDC"/>
    </Config>
  </FileSet>
  <FileSet Name="utils" Type="Utils" RelSrcDir="$PSRCDIR/utils_1">
    <Filter Type="Utils"/>
    <Config>
      <Option Name="TopAutoSet" Val="TRUE"/>
    </Config>
  </FileSet>
  <Strategy Version="1" Minor="2">
    <StratHandle Name="Vivado Implementation Defaults" Flow="Vivado Implementation 2020"/>
    <Step Id="init_design"/>
    <Step Id="opt_design"/>
    <Step Id="power_opt_design"/>
    <Step Id="place_design"/>
    <Step Id="post_place_power_opt_design"/>
    <Step Id="phys_opt_design"/>
    <Step Id="route_design"/>
    <Step Id="post_route_phys_opt_design"/>
    <Step Id="write_bitstream"/>
  </Strategy>
</GenRun>
