<?xml version="1.0" encoding="UTF-8"?>
<GenRun Id="mult4_synth_1" LaunchPart="xc7a100tcsg324-1" LaunchTime="1698032553">
  <File Type="PA-TCL" Name="mult4.tcl"/>
  <File Type="RDS-PROPCONSTRS" Name="mult4_drc_synth.rpt"/>
  <File Type="REPORTS-TCL" Name="mult4_reports.tcl"/>
  <File Type="RDS-RDS" Name="mult4.vds"/>
  <File Type="RDS-UTIL" Name="mult4_utilization_synth.rpt"/>
  <File Type="RDS-UTIL-PB" Name="mult4_utilization_synth.pb"/>
  <File Type="RDS-DCP" Name="mult4.dcp"/>
  <File Type="VDS-TIMINGSUMMARY" Name="mult4_timing_summary_synth.rpt"/>
  <File Type="VDS-TIMING-PB" Name="mult4_timing_summary_synth.pb"/>
  <FileSet Name="sources" Type="BlockSrcs" RelSrcDir="$PSRCDIR/mult4">
    <File Path="$PSRCDIR/sources_1/ip/mult4_1/mult4.xci">
      <FileInfo>
        <Attr Name="UsedIn" Val="synthesis"/>
        <Attr Name="UsedIn" Val="implementation"/>
        <Attr Name="UsedIn" Val="simulation"/>
      </FileInfo>
    </File>
    <Config>
      <Option Name="TopModule" Val="mult4"/>
      <Option Name="UseBlackboxStub" Val="1"/>
    </Config>
  </FileSet>
  <FileSet Name="constrs_in" Type="BlockSrcs" RelSrcDir="$PSRCDIR/mult4">
    <File Path="$PSRCDIR/sources_1/ip/mult4_1/mult4.xci">
      <FileInfo>
        <Attr Name="UsedIn" Val="synthesis"/>
        <Attr Name="UsedIn" Val="implementation"/>
        <Attr Name="UsedIn" Val="simulation"/>
      </FileInfo>
    </File>
    <Config>
      <Option Name="TopModule" Val="mult4"/>
      <Option Name="UseBlackboxStub" Val="1"/>
    </Config>
  </FileSet>
  <FileSet Name="utils" Type="Utils" RelSrcDir="$PSRCDIR/utils_1">
    <Filter Type="Utils"/>
    <Config>
      <Option Name="TopAutoSet" Val="TRUE"/>
    </Config>
  </FileSet>
  <Strategy Version="1" Minor="2">
    <StratHandle Name="Vivado Synthesis Defaults" Flow="Vivado Synthesis 2020">
      <Desc>Vivado Synthesis Defaults</Desc>
    </StratHandle>
    <Step Id="synth_design"/>
  </Strategy>
</GenRun>
